age,gender,num_prior_admissions,length_of_stay,num_medications,has_diabetes,has_chf,has_copd,creatinine_high,hemoglobin_low,discharge_to_home,readmitted_30_days
24,Female,1,8,10,0,0,0,0,1,1,0
74,Female,1,5,10,0,0,0,0,0,1,0
65,Male,1,10,11,0,1,0,0,0,1,1
50,Male,2,6,8,1,0,0,1,0,1,0
49,Male,2,6,18,1,0,0,0,0,1,0
80,Female,0,7,11,0,0,1,0,0,1,0
24,Female,0,6,9,0,1,1,1,0,1,0
68,Male,1,7,5,0,0,0,0,0,0,0
32,Male,1,7,8,0,0,0,0,0,1,0
24,Female,0,5,12,1,1,0,0,0,1,0
56,Male,1,8,13,0,0,0,0,0,1,0
89,Female,3,5,12,1,0,0,0,0,1,1
71,Male,2,5,10,0,0,0,0,1,1,0
73,Male,3,9,4,0,0,0,0,0,1,1
70,Female,3,8,9,1,0,0,0,0,1,0
75,Male,3,11,4,0,0,0,1,0,1,0
55,Male,1,4,4,1,0,0,1,0,1,0
27,Male,1,6,9,0,0,1,0,0,1,0
79,Male,0,5,10,1,0,0,0,0,0,0
50,Male,1,6,11,0,0,0,1,1,0,0
54,Male,1,3,9,0,0,1,0,0,0,0
45,Male,3,9,10,1,0,0,0,0,1,0
31,Male,1,6,5,0,0,0,0,0,1,0
85,Female,0,7,8,0,0,0,0,1,1,0
75,Female,1,3,3,1,0,0,0,0,0,0
65,Male,2,6,2,0,0,0,0,1,0,1
47,Male,0,8,10,1,0,0,0,0,0,0
78,Female,2,4,6,0,1,0,1,0,1,1
57,Female,4,7,11,0,0,0,0,1,1,1
50,Female,0,2,11,0,0,1,0,0,0,0
50,Male,2,9,6,0,0,0,0,0,1,0
34,Male,1,7,10,1,0,0,0,1,1,0
24,Male,1,6,6,0,0,0,0,0,1,0
58,Male,2,6,2,0,0,0,0,0,1,0
82,Female,2,5,8,0,1,0,0,1,1,0
22,Male,4,4,7,0,0,0,0,1,1,0
80,Male,1,6,7,0,0,1,1,1,0,0
78,Male,3,5,14,1,0,0,0,1,0,1
38,Female,3,10,3,1,0,0,1,0,0,0
64,Male,2,8,9,1,1,0,0,1,1,0
30,Female,3,5,5,0,0,0,0,0,1,0
73,Male,3,5,11,0,0,0,0,0,1,0
69,Female,4,13,9,0,0,0,0,0,0,1
43,Male,3,7,9,1,0,0,0,1,1,0
22,Female,1,11,5,0,0,0,0,0,0,0
88,Female,0,7,6,0,0,0,0,1,1,0
50,Female,4,10,11,0,0,0,0,0,1,0
83,Female,2,3,13,1,0,0,1,0,0,0
67,Female,3,6,9,1,0,1,0,0,1,1
74,Female,1,9,5,1,0,0,0,0,0,0
73,Female,1,8,9,0,0,1,1,0,1,0
32,Male,0,8,15,1,0,0,1,0,1,0
44,Female,3,5,8,0,0,0,0,0,1,0
52,Female,0,5,12,0,0,0,0,0,0,0
54,Female,3,7,6,0,1,0,0,0,1,1
21,Male,1,8,8,0,0,0,0,0,0,0
57,Male,1,5,10,0,0,0,0,0,0,1
29,Female,0,7,9,0,0,1,0,0,1,0
72,Male,3,7,6,0,0,0,0,0,0,0
67,Male,0,5,6,0,1,0,0,0,0,0
85,Male,1,6,11,1,0,0,1,0,1,1
72,Male,6,4,12,0,0,0,1,0,0,1
44,Male,0,6,13,0,1,0,1,0,1,0
88,Male,2,7,13,0,1,0,0,0,1,0
47,Male,3,4,8,1,0,0,0,0,1,1
41,Male,1,6,7,0,0,0,0,0,0,0
84,Male,3,6,12,0,0,0,0,0,1,1
45,Female,1,8,10,0,0,0,0,1,1,0
23,Male,2,7,5,0,0,0,0,0,1,0
52,Female,1,11,5,0,0,0,0,0,1,0
76,Female,1,7,9,0,0,1,0,1,0,0
31,Female,2,7,7,0,0,0,0,0,0,0
51,Male,2,8,8,0,0,1,0,0,1,0
27,Female,4,14,11,0,0,0,0,1,1,0
68,Female,1,6,10,0,0,0,0,0,0,1
52,Female,0,7,12,0,0,0,1,1,1,0
42,Female,4,10,2,0,0,0,0,0,1,0
34,Female,2,6,9,0,0,0,0,0,0,0
59,Female,0,10,10,0,0,0,1,0,0,0
66,Male,0,10,3,0,0,0,0,0,1,0
86,Female,3,6,6,0,0,1,0,1,1,1
49,Male,1,5,5,0,0,0,0,0,0,0
29,Female,1,8,8,0,0,0,0,0,1,0
78,Female,0,4,13,0,0,0,0,0,1,0
63,Male,3,6,14,0,0,0,1,0,0,1
69,Female,2,6,6,0,0,0,1,0,1,0
25,Male,4,7,10,0,1,0,0,1,1,0
40,Female,2,9,10,1,0,0,0,0,1,0
74,Male,3,6,9,0,0,0,0,1,1,0
78,Female,2,9,9,0,1,0,1,0,1,0
49,Male,2,6,9,1,1,0,0,0,1,0
76,Female,2,4,13,0,0,0,0,0,1,1
79,Female,1,8,11,0,0,0,1,0,0,0
46,Female,0,11,5,0,1,0,0,0,1,0
83,Female,3,6,10,1,0,1,0,0,1,1
39,Female,3,5,11,1,0,0,0,1,1,0
35,Female,2,4,9,0,0,0,0,1,1,0
67,Male,1,6,11,1,0,0,0,1,0,0
64,Female,1,9,9,0,0,0,0,1,1,1
28,Male,4,7,9,0,0,0,0,1,1,0
78,Female,3,7,8,0,0,0,1,0,0,0
32,Male,3,5,2,0,0,1,0,0,1,0
76,Female,3,10,8,0,0,1,1,1,1,1
18,Female,1,4,6,1,1,0,0,1,0,0
76,Male,1,6,4,0,0,0,0,1,1,1
75,Female,0,3,12,0,1,0,0,1,0,0
74,Female,3,5,10,0,1,0,1,0,0,0
66,Female,1,4,8,0,0,0,0,1,0,0
52,Female,2,3,6,0,0,0,0,1,1,1
69,Female,1,4,9,1,0,0,0,0,0,0
38,Female,1,8,11,0,1,0,0,1,1,0
74,Male,3,9,6,0,0,0,1,0,1,1
58,Male,4,8,8,0,0,0,1,1,0,1
51,Male,3,6,11,1,1,1,0,0,1,1
54,Female,1,4,2,1,0,0,0,1,0,0
59,Male,3,10,8,0,1,0,1,0,1,1
20,Female,3,4,7,0,0,0,0,0,1,1
28,Female,2,6,8,0,0,0,0,0,1,0
35,Male,5,7,6,1,0,0,0,0,0,0
26,Female,3,5,8,1,0,1,0,0,1,1
50,Female,1,7,14,1,0,0,0,1,1,0
66,Male,1,6,7,0,1,0,0,0,1,1
65,Male,2,11,9,0,0,1,0,1,0,0
52,Male,2,3,14,0,0,0,0,0,1,0
80,Male,0,4,6,0,1,0,0,0,1,0
59,Male,3,9,13,0,0,1,0,1,1,0
23,Female,1,7,8,0,0,0,0,0,1,0
73,Male,2,4,13,0,1,0,1,0,1,1
59,Male,0,9,10,1,0,0,1,1,1,0
64,Female,4,7,9,1,0,0,0,1,0,0
59,Female,0,7,8,1,0,0,0,0,0,0
58,Female,3,6,6,1,0,0,0,1,1,0
24,Female,0,10,8,0,0,1,0,0,1,0
58,Male,1,8,11,0,0,0,0,0,1,1
76,Male,2,5,8,0,0,0,0,0,0,0
40,Female,5,7,7,0,0,0,0,0,1,1
62,Female,3,6,7,0,0,1,0,0,1,1
20,Female,1,8,11,0,0,0,1,1,0,0
43,Male,3,11,12,1,0,0,0,0,1,0
49,Female,2,4,6,1,0,0,0,0,1,0
89,Female,4,5,6,1,0,0,0,0,1,0
33,Male,1,9,9,1,1,1,0,0,1,0
38,Female,0,7,13,1,0,1,0,0,1,1
47,Female,1,4,11,0,0,0,0,1,0,1
90,Male,0,5,4,1,0,0,0,0,1,0
80,Male,0,6,7,1,0,0,0,0,1,0
20,Female,2,5,5,1,1,0,0,0,0,0
35,Male,2,6,7,0,0,0,1,0,0,0
77,Male,0,7,13,0,0,0,0,0,1,0
22,Male,4,5,4,1,0,0,0,1,0,0
80,Male,2,2,3,0,0,1,0,0,1,0
38,Female,3,9,6,0,0,0,0,0,1,0
84,Female,1,7,9,0,1,0,0,0,1,1
39,Male,1,5,10,0,0,0,0,0,1,0
49,Female,0,6,9,0,0,0,0,0,0,0
66,Female,0,5,12,1,0,0,0,0,0,0
27,Male,1,3,3,1,0,0,1,1,1,0
58,Female,3,6,12,1,0,0,0,0,1,1
54,Male,2,8,7,0,0,0,1,0,0,0
75,Female,3,3,10,0,0,1,0,0,1,0
90,Female,1,8,4,0,0,1,0,1,1,0
66,Female,2,7,8,0,1,0,1,0,1,0
47,Male,3,7,9,0,0,0,0,0,1,0
47,Female,0,4,11,1,1,0,0,1,1,0
48,Male,2,9,3,1,0,0,1,0,0,1
77,Male,3,10,8,0,0,1,0,1,1,0
41,Male,1,5,5,0,1,1,0,0,1,0
30,Female,1,3,10,0,0,0,0,0,0,0
42,Male,2,7,10,0,0,0,0,1,1,0
19,Female,0,10,12,0,0,0,0,0,0,1
25,Female,2,4,6,0,0,0,0,0,1,0
24,Male,1,5,11,0,1,1,1,0,1,0
74,Male,3,10,12,0,0,0,0,0,1,0
70,Male,1,4,3,1,1,0,0,1,0,1
68,Female,1,4,10,0,0,0,0,0,1,0
51,Female,1,3,11,0,0,0,0,1,0,1
70,Male,1,7,7,0,0,0,1,0,1,1
29,Female,1,3,4,0,1,1,0,0,1,0
83,Male,2,3,11,0,0,0,0,0,0,1
54,Female,0,10,4,1,1,0,1,0,1,0
86,Female,1,7,7,1,0,0,1,1,0,0
29,Female,1,5,8,0,0,0,1,0,1,0
54,Female,2,6,10,0,0,0,0,0,1,1
68,Female,0,3,6,0,0,0,0,0,0,0
54,Male,0,8,6,0,1,0,0,0,1,0
50,Male,1,7,8,0,0,0,0,1,1,0
30,Male,5,5,11,1,0,0,1,0,1,1
45,Female,1,3,15,0,0,0,0,0,0,0
35,Female,3,10,3,0,0,1,0,0,1,0
40,Female,4,7,9,0,0,0,1,0,1,1
67,Female,2,5,5,0,1,0,1,1,0,1
64,Male,1,9,11,1,0,0,0,0,1,0
62,Female,0,5,5,0,0,0,1,0,0,0
44,Male,3,3,6,0,0,0,0,0,0,0
88,Male,4,8,6,0,0,0,0,0,1,1
24,Female,1,7,8,1,0,0,0,1,0,0
43,Female,3,6,9,0,0,0,1,0,1,0
26,Female,1,2,9,0,0,0,1,0,1,0
42,Male,1,4,8,0,0,1,0,0,1,0
88,Female,1,10,4,0,1,0,0,1,1,0
44,Male,1,6,10,1,1,1,0,1,1,0
84,Female,2,4,8,0,1,0,0,0,1,0
54,Female,4,9,11,0,0,0,1,0,1,0
69,Male,4,12,6,0,0,0,0,0,1,0
51,Male,0,8,3,0,0,0,1,0,1,0
37,Male,2,10,8,0,0,0,0,0,0,0
73,Female,3,1,12,1,0,0,0,1,1,0
88,Male,0,15,8,0,0,0,0,1,1,0
37,Female,3,7,7,0,1,0,1,0,1,1
74,Female,1,5,5,0,1,0,0,0,1,0
37,Female,0,2,13,1,0,0,0,0,1,0
70,Male,5,7,5,0,0,0,0,0,1,1
75,Female,1,8,6,0,0,0,1,0,1,0
50,Male,2,8,10,0,0,0,1,0,0,0
71,Female,4,13,2,0,0,0,1,1,1,1
37,Female,1,6,12,1,1,0,0,0,1,0
23,Female,1,6,10,0,0,0,1,1,0,0
25,Female,3,12,11,0,0,0,0,0,1,0
50,Male,1,3,10,0,0,0,0,0,1,0
83,Female,3,9,8,0,0,0,0,0,1,0
27,Male,2,2,5,0,0,0,0,1,1,1
51,Male,0,4,8,0,0,0,1,0,1,0
69,Male,2,8,5,0,0,0,1,0,1,0
32,Male,0,11,9,1,0,0,0,0,1,0
70,Male,1,6,10,1,0,0,0,0,0,1
40,Male,0,6,12,0,0,0,1,0,1,0
77,Male,4,4,9,1,0,0,1,0,1,0
60,Female,3,7,11,1,1,0,0,0,1,1
57,Female,1,4,7,0,0,0,0,1,0,0
30,Male,3,4,7,0,0,0,0,0,1,0
51,Male,3,7,9,0,0,0,1,0,1,0
80,Male,2,6,7,0,0,1,0,0,1,1
19,Female,0,7,9,0,0,0,0,0,0,0
73,Male,1,6,5,0,0,0,0,1,1,0
53,Male,3,5,5,1,0,0,0,0,1,0
70,Male,1,6,10,0,1,0,0,0,1,0
66,Male,2,2,11,1,0,1,1,1,1,0
49,Male,2,6,5,0,0,0,0,0,1,0
40,Female,6,11,10,0,1,0,0,0,1,1
63,Female,5,13,6,1,0,0,0,0,1,0
28,Female,2,11,8,0,0,0,1,0,0,1
60,Female,1,5,12,0,0,0,0,0,0,0
24,Female,0,6,10,0,0,0,0,0,1,1
65,Male,0,7,10,0,0,1,0,0,1,1
63,Female,4,6,14,0,0,1,0,0,1,0
24,Female,0,6,6,0,0,0,0,1,1,0
73,Male,2,11,5,0,1,1,0,0,1,1
48,Female,3,8,6,0,0,0,1,0,1,0
75,Male,0,4,7,0,0,0,1,0,0,0
21,Female,0,7,1,0,0,1,0,0,1,0
31,Female,0,2,7,0,0,0,1,0,0,0
54,Female,1,3,6,0,0,0,0,0,1,0
31,Female,3,7,10,0,0,0,0,1,1,0
42,Female,4,5,9,1,1,0,1,1,1,1
66,Female,0,7,6,0,0,0,0,1,1,0
28,Female,1,9,10,0,0,0,0,0,1,0
67,Male,3,5,10,0,0,0,0,0,1,0
25,Female,1,11,6,1,0,0,0,0,1,0
30,Female,3,6,7,0,0,0,1,0,1,0
60,Male,1,6,1,0,0,0,0,1,1,0
75,Male,2,5,5,0,0,0,0,0,1,0
30,Female,2,6,6,0,0,0,0,0,1,0
39,Male,3,5,8,0,0,0,1,0,0,1
85,Male,1,6,5,0,0,0,0,0,1,0
90,Male,1,7,6,0,0,0,0,0,1,0
60,Male,1,8,4,0,0,1,0,0,1,0
50,Male,4,3,9,0,0,0,0,0,1,0
43,Female,4,13,9,1,0,0,0,0,1,0
62,Male,3,7,9,0,0,0,0,0,1,0
61,Female,3,8,8,1,1,0,0,1,1,1
39,Female,3,6,3,1,0,0,0,0,1,0
19,Male,1,5,6,1,0,0,1,0,1,0
29,Male,0,3,7,1,1,0,0,0,0,0
87,Female,1,5,7,0,0,1,0,0,0,0
48,Male,3,8,8,0,0,0,0,1,1,1
53,Male,1,6,12,0,0,0,0,0,1,0
52,Female,1,5,10,0,0,0,0,1,1,1
75,Female,4,5,5,0,0,1,1,1,1,1
22,Female,2,4,10,0,1,1,0,0,1,0
24,Male,1,3,10,0,0,0,0,0,1,0
38,Female,0,5,6,1,0,0,0,0,1,0
53,Female,2,4,11,0,0,0,0,0,1,0
66,Male,4,7,8,0,1,0,1,0,1,0
53,Female,2,2,4,0,0,0,0,0,0,0
50,Male,1,7,9,0,1,0,1,0,0,0
86,Male,1,5,9,1,0,1,0,0,1,0
29,Female,2,5,7,0,0,0,0,0,1,0
59,Male,0,5,8,0,0,0,0,0,1,0
57,Male,1,9,6,0,0,0,0,1,1,0
52,Female,1,7,10,0,0,0,0,0,1,0
76,Female,6,8,8,0,1,0,0,0,0,1
37,Female,4,6,8,1,0,0,1,1,1,0
87,Female,0,14,9,0,0,0,0,0,1,0
42,Female,2,7,5,0,0,0,1,0,0,0
57,Male,3,5,5,0,0,0,0,0,1,0
56,Male,2,6,1,0,0,0,0,0,1,1
80,Male,4,8,10,1,0,0,0,1,0,0
50,Male,1,5,4,0,0,0,0,0,0,0
38,Female,3,8,8,0,1,1,1,0,1,0
19,Male,1,8,9,0,0,1,1,0,0,0
44,Male,0,9,10,0,0,0,1,0,1,0
78,Male,4,10,4,0,0,0,1,0,1,1
18,Male,1,7,8,0,1,0,0,0,1,0
83,Female,2,7,13,1,0,0,0,0,0,0
57,Male,2,4,13,0,1,0,1,0,0,0
28,Male,2,7,11,0,0,0,0,0,1,0
40,Male,2,2,9,1,0,0,1,1,1,1
58,Female,4,5,5,0,1,0,0,0,0,0
41,Female,0,6,10,0,1,0,0,0,1,0
25,Female,2,12,8,0,0,0,0,0,1,0
66,Male,1,8,10,0,0,0,0,1,0,0
67,Male,1,4,6,1,0,0,0,0,1,0
26,Female,2,8,7,0,0,0,0,1,1,0
38,Female,1,4,8,0,1,0,0,0,1,0
35,Female,3,5,9,0,0,0,0,1,1,0
66,Female,3,6,9,0,0,0,0,1,0,0
71,Female,3,6,6,0,0,1,0,0,1,0
71,Male,0,2,4,1,0,0,0,0,1,0
86,Male,1,6,13,0,0,1,1,0,1,0
74,Female,1,5,15,0,0,0,0,0,1,0
41,Male,4,4,9,1,0,0,0,0,1,0
25,Female,1,11,4,0,0,0,0,0,1,0
62,Female,0,5,6,0,0,0,0,1,1,1
84,Female,2,4,10,0,1,0,0,0,1,0
89,Female,2,10,12,0,0,1,0,0,1,0
34,Female,0,9,4,0,0,0,0,0,1,0
35,Female,2,5,8,0,0,0,0,0,1,0
20,Female,3,5,9,0,0,0,0,0,1,0
28,Female,0,6,11,0,0,0,0,0,1,0
58,Male,2,6,7,0,0,0,0,0,1,0
57,Female,1,7,3,1,0,0,0,1,1,0
45,Female,5,8,10,0,0,0,0,0,1,1
40,Male,3,2,11,1,1,0,0,1,1,0
78,Male,0,9,8,0,0,0,0,0,0,0
51,Female,1,5,9,0,0,0,0,0,1,0
77,Female,2,5,7,0,0,0,0,0,1,0
88,Male,3,3,5,0,1,0,0,0,1,0
41,Male,2,4,11,0,0,0,0,1,1,1
32,Male,6,8,9,0,1,0,1,0,1,0
87,Male,2,5,9,0,0,0,0,0,1,1
64,Female,2,12,13,0,0,0,0,1,1,0
39,Male,4,6,5,0,0,0,0,0,0,1
63,Male,2,6,6,0,0,0,1,1,1,0
55,Female,2,4,8,0,0,0,0,0,0,0
84,Male,1,6,6,0,0,0,0,1,0,0
36,Male,2,8,10,0,0,0,1,0,1,0
90,Female,2,7,7,0,0,0,0,0,0,1
86,Female,2,7,5,0,0,0,0,0,0,1
31,Female,3,4,8,0,0,0,0,0,1,0
30,Female,2,4,9,0,0,0,0,1,1,0
56,Male,2,1,11,0,0,1,0,0,1,0
21,Female,0,5,9,1,0,0,0,0,1,0
39,Female,5,5,9,0,0,0,0,0,1,1
49,Female,2,5,9,1,1,0,0,1,1,0
88,Female,3,7,7,0,0,0,0,0,1,1
90,Female,0,7,6,0,0,0,1,1,0,0
29,Female,4,6,9,0,1,0,0,0,1,0
83,Male,1,5,7,0,0,0,0,1,1,0
24,Female,0,7,13,0,0,0,0,0,1,0
72,Male,0,8,12,1,0,0,0,0,0,1
79,Female,1,10,10,0,0,1,0,0,1,1
83,Female,0,6,9,0,0,0,0,0,1,0
34,Female,5,7,8,0,0,0,0,1,1,0
83,Female,3,5,4,0,0,0,1,1,1,1
26,Male,1,6,7,1,0,0,1,0,0,0
55,Female,2,7,8,0,0,0,1,1,1,0
52,Female,2,6,9,0,0,1,0,0,1,0
41,Male,2,11,9,1,0,1,0,0,1,0
19,Male,2,7,11,1,0,0,0,0,0,0
74,Male,3,3,6,0,0,0,0,0,0,0
42,Female,1,8,6,0,0,0,1,0,1,0
66,Female,3,3,12,1,0,0,1,0,0,1
47,Female,3,6,10,0,0,0,0,0,1,0
45,Male,2,7,7,0,0,1,1,0,0,1
82,Female,1,5,8,0,1,0,1,1,0,0
24,Male,2,7,8,1,0,0,0,0,1,0
71,Female,3,10,8,1,0,0,1,0,1,1
72,Male,3,7,9,0,0,0,0,1,1,0
45,Female,2,9,16,0,1,1,0,0,1,1
37,Female,3,7,9,0,0,0,0,0,1,0
18,Female,3,6,10,0,0,0,0,0,1,0
86,Female,1,8,3,1,0,1,0,0,1,1
87,Male,0,6,7,0,0,0,1,0,1,0
35,Male,3,5,12,0,1,0,0,1,1,1
20,Male,1,5,9,0,0,0,0,1,1,0
26,Male,1,1,1,0,0,0,0,0,1,0
22,Female,2,6,10,1,0,0,0,1,1,0
78,Female,2,6,14,0,1,0,0,1,0,1
83,Female,5,6,2,1,0,0,0,0,0,0
29,Female,1,8,13,0,0,1,1,0,1,1
72,Female,1,5,1,0,0,0,0,0,1,1
31,Female,6,4,11,0,0,1,0,0,1,0
44,Male,2,5,8,0,0,1,0,0,0,0
61,Male,5,10,1,0,0,0,0,1,1,1
70,Female,2,11,9,0,1,0,1,0,0,0
81,Female,2,4,11,0,0,0,0,0,1,0
21,Male,2,6,9,1,0,0,0,0,1,0
32,Female,0,7,10,0,0,0,0,0,1,0
38,Female,1,5,7,0,0,0,1,0,0,0
40,Male,1,8,2,1,0,0,0,1,0,0
90,Male,2,6,10,0,0,0,0,0,1,1
74,Female,1,6,13,1,0,0,0,0,1,1
41,Female,2,5,11,0,0,0,0,0,1,1
88,Male,0,7,2,0,0,0,0,0,0,0
54,Female,1,8,3,0,0,0,0,0,1,0
54,Male,1,7,5,1,0,1,0,0,0,0
49,Female,2,2,3,0,0,1,1,0,1,0
28,Male,0,2,8,0,0,0,0,0,1,0
86,Female,2,5,9,1,0,0,1,1,1,1
19,Male,1,11,4,0,0,0,0,0,1,0
30,Male,1,5,10,1,1,0,0,0,0,0
34,Female,1,6,10,0,0,0,0,0,0,0
38,Male,4,10,6,1,0,0,0,1,0,1
27,Male,2,4,7,1,0,0,0,0,1,0
19,Male,0,9,2,1,0,0,0,0,0,0
67,Female,2,9,7,0,0,0,0,0,1,0
88,Female,3,3,8,1,0,1,0,0,1,1
26,Female,2,5,9,1,0,0,0,0,1,0
39,Male,2,6,9,0,0,0,1,0,1,1
54,Male,0,6,9,0,0,1,0,0,1,0
85,Male,1,5,7,1,0,0,0,0,1,0
68,Female,1,7,9,0,0,0,0,0,1,0
73,Female,2,7,11,0,0,0,1,0,1,0
60,Female,1,7,8,0,0,1,0,0,1,0
48,Female,2,8,9,0,0,0,0,0,1,0
32,Male,5,7,7,1,1,0,0,0,0,1
81,Female,3,7,6,0,0,0,0,0,1,0
76,Female,1,8,10,0,0,0,1,0,1,1
19,Male,1,10,6,1,1,0,0,0,0,1
70,Male,3,6,9,0,0,0,1,0,0,0
24,Male,3,9,8,0,0,0,0,1,0,0
71,Male,1,6,7,0,0,0,0,1,0,0
78,Male,3,11,7,1,0,0,0,0,0,0
27,Male,3,6,6,1,0,0,0,0,1,0
49,Female,2,5,3,0,0,0,0,0,0,0
27,Male,2,2,9,0,0,0,0,0,0,0
59,Male,0,3,9,0,0,0,0,0,1,1
85,Female,2,7,11,0,0,1,0,1,0,1
23,Female,2,8,6,0,0,1,0,1,0,0
47,Female,2,6,14,0,0,0,1,0,0,1
89,Male,4,4,7,0,1,0,0,0,0,1
39,Female,2,5,5,0,0,0,0,0,1,0
27,Male,0,6,5,0,1,0,0,0,1,0
53,Male,1,8,3,1,0,0,0,0,1,0
55,Female,1,7,13,0,0,1,0,1,0,0
66,Female,2,10,12,0,0,0,1,1,0,0
40,Female,1,3,10,0,0,0,0,0,0,0
87,Female,2,8,5,1,0,1,1,0,0,1
56,Female,0,6,13,0,1,0,0,0,0,0
38,Male,0,7,7,0,0,0,1,1,1,0
88,Male,1,6,7,0,0,0,0,0,0,0
85,Male,2,4,12,0,0,0,1,0,1,1
54,Male,2,8,10,1,0,1,0,0,1,0
19,Female,2,6,15,0,0,0,0,0,1,0
61,Male,0,6,9,0,1,0,0,0,1,0
58,Female,2,9,7,1,0,0,0,0,1,0
28,Female,2,10,6,0,0,1,0,0,1,0
64,Female,4,8,2,0,0,0,0,1,1,0
79,Male,2,8,7,0,0,0,0,0,0,0
25,Male,2,7,11,0,1,0,0,0,1,0
70,Female,2,7,10,0,1,1,0,0,1,0
28,Female,3,5,8,1,0,0,1,0,1,0
72,Female,0,10,5,1,1,0,0,0,1,0
48,Female,2,6,9,1,0,1,0,0,1,1
18,Female,0,2,11,0,0,0,0,0,1,0
88,Male,4,7,9,0,0,0,0,1,0,0
30,Female,3,7,9,0,0,0,0,0,1,0
61,Male,4,5,6,1,0,0,0,0,0,0
31,Female,1,3,11,1,0,0,0,0,1,0
86,Female,1,5,1,0,0,0,0,0,0,0
71,Female,1,4,9,0,1,0,0,0,0,0
76,Male,2,10,16,1,1,0,0,1,1,0
49,Male,2,6,3,1,0,0,1,1,1,0
52,Female,3,3,7,1,0,1,0,1,1,0
64,Male,2,3,8,0,0,0,0,0,1,0
75,Male,1,6,7,0,0,0,0,0,1,0
79,Male,2,4,11,0,0,0,1,1,1,0
19,Male,6,4,9,0,0,0,0,0,0,1
66,Male,0,4,8,1,0,0,0,0,0,0
25,Female,2,2,10,0,0,0,1,1,1,0
39,Male,1,8,8,0,0,0,0,0,1,0
78,Male,2,4,18,0,0,0,0,0,1,0
36,Male,0,6,8,0,1,0,0,1,1,0
76,Male,1,5,9,0,0,1,0,0,0,0
51,Male,0,8,3,0,0,0,0,0,1,0
34,Female,1,6,6,1,0,0,0,0,1,0
42,Male,1,13,11,0,0,0,0,1,1,0
56,Male,1,7,4,0,0,0,0,0,1,0
73,Male,0,10,2,0,0,0,0,0,1,0
62,Male,0,5,8,0,0,1,0,0,1,0
86,Male,1,4,12,0,0,1,0,0,1,1
81,Male,4,7,8,1,0,0,0,0,1,0
72,Female,5,5,7,0,0,1,0,0,0,1
62,Male,3,7,2,1,0,0,0,0,1,1
39,Female,2,6,9,0,0,0,0,0,0,1
48,Female,1,8,10,0,0,0,0,0,1,0
26,Male,4,4,3,0,0,0,0,0,1,0
45,Male,1,7,11,0,0,0,0,0,0,1
85,Female,0,11,10,1,0,1,0,1,1,0
49,Female,1,7,11,0,0,0,1,0,1,0
